"stoppointid","zone"
2,"1"
3,"1"
4,"1"
6,"1"
7,"1"
8,"1"
10,"1"
11,"2"
12,"2"
14,"2"
15,"2"
16,"2"
17,"2"
18,"2"
19,"2"
21,"2"
22,"2"
23,"2"
24,"2"
25,"2"
27,"2"
28,"3"
29,"3"
30,"2"
31,"2"
32,"2"
33,"2"
35,"2"
36,"2"
37,"2"
38,"2"
39,"3"
40,"2"
41,"2"
42,"2"
43,"2"
44,"2"
45,"2"
46,"2"
47,"2"
48,"2"
49,"2"
51,"1"
52,"1"
53,"2"
54,"2"
55,"2"
56,"2"
57,"2"
58,"2"
59,"2"
60,"2"
63,"2"
64,"2"
65,"2"
66,"2"
68,"2"
69,"2"
71,"2"
72,"2"
73,"2"
74,"2"
75,"1"
77,"2"
78,"2"
79,"2"
80,"2"
81,"1"
82,"1"
83,"2"
84,"2"
85,"2"
86,"2"
87,"2"
88,"3"
89,"3"
90,"2"
91,"3"
92,"2"
93,"3"
94,"2"
100,"2"
102,"2"
104,"2"
105,"2"
107,"3"
110,"2"
112,"2"
113,"2"
114,"2"
115,"2"
116,"2"
117,"3"
118,"3"
119,"2"
124,"2"
126,"2"
127,"2"
128,"2"
129,"2"
130,"2"
131,"3"
132,"2"
133,"2"
134,"2"
136,"2"
137,"3"
138,"2"
139,"2"
140,"2"
141,"2"
142,"3"
143,"3"
146,"3"
147,"3"
148,"2"
149,"2"
150,"3"
151,"2"
153,"2"
154,"2"
155,"2"
156,"2"
157,"2"
158,"2"
159,"2"
164,"2"
165,"2"
166,"2"
167,"2"
168,"2"
169,"2"
173,"2"
174,"2"
175,"2"
176,"2"
177,"2"
178,"2"
179,"2"
181,"2"
182,"2"
183,"2"
184,"2"
185,"2"
186,"2"
187,"2"
188,"1"
189,"2"
190,"3"
191,"2"
192,"2"
193,"2"
194,"2"
195,"2"
196,"2"
197,"3"
198,"2"
199,"1"
200,"2"
201,"2"
202,"2"
203,"2"
204,"2"
205,"2"
206,"2"
207,"2"
208,"2"
209,"2"
210,"2"
211,"2"
212,"2"
213,"2"
214,"2"
215,"1"
216,"2"
217,"3"
218,"2"
219,"2"
220,"2"
221,"2"
222,"2"
223,"2"
224,"2"
225,"3"
226,"2"
227,"2"
228,"2"
229,"3"
230,"2"
231,"2"
232,"2"
233,"2"
234,"1"
235,"2"
236,"3"
237,"2"
242,"2"
243,"2"
244,"2"
245,"2"
246,"2"
247,"2"
248,"1"
249,"2"
250,"2"
251,"2"
252,"2"
253,"2"
254,"2"
255,"2"
261,"2"
262,"1"
263,"2"
264,"2"
265,"2"
270,"1"
271,"2"
272,"1"
273,"1"
274,"1"
276,"2"
277,"2"
278,"1"
279,"1"
281,"1"
286,"2"
288,"1"
289,"2"
291,"1"
292,"1"
293,"1"
297,"1"
298,"1"
299,"1"
301,"1"
302,"1"
303,"1"
307,"2"
308,"2"
309,"2"
312,"1"
315,"2"
317,"1"
318,"1"
319,"1"
320,"1"
322,"3"
323,"2"
325,"1"
326,"1"
327,"3"
328,"1"
329,"1"
332,"3"
333,"1"
334,"1"
335,"1"
336,"1"
340,"1"
342,"1"
345,"2"
346,"2"
350,"2"
351,"2"
352,"2"
353,"1"
354,"2"
355,"2"
356,"2"
357,"2"
371,"2"
372,"2"
373,"2"
374,"2"
375,"2"
376,"3"
377,"3"
378,"3"
380,"2"
381,"2"
382,"2"
383,"3"
384,"3"
385,"2"
387,"2"
388,"2"
389,"2"
390,"2"
391,"2"
392,"2"
393,"2"
395,"2"
396,"2"
397,"1"
398,"2"
399,"2"
400,"2"
404,"1"
405,"1"
406,"1"
407,"1"
408,"1"
409,"2"
410,"2"
411,"2"
412,"2"
413,"2"
414,"2"
415,"2"
416,"2"
417,"2"
418,"2"
419,"3"
420,"3"
421,"3"
422,"2"
423,"2"
424,"2"
425,"3"
426,"2"
427,"3"
428,"3"
429,"3"
430,"2"
431,"2"
432,"3"
433,"3"
434,"4"
435,"2"
437,"2"
441,"3"
442,"3"
443,"3"
444,"2"
445,"3"
447,"2"
448,"3"
449,"5"
450,"3"
451,"3"
453,"2"
454,"1"
459,"2"
460,"3"
461,"3"
462,"2"
464,"3"
465,"3"
466,"4"
467,"2"
468,"4"
469,"2"
470,"3"
471,"3"
472,"3"
473,"3"
475,"3"
476,"3"
477,"3"
478,"3"
479,"2"
480,"2"
481,"3"
482,"3"
483,"3"
485,"2"
486,"2"
487,"2"
488,"2"
489,"2"
490,"2"
491,"2"
492,"2"
493,"2"
494,"2"
495,"2"
496,"1"
497,"1"
499,"2"
500,"2"
501,"2"
509,"2"
510,"2"
511,"2"
513,"2"
515,"2"
516,"2"
518,"3"
519,"2"
521,"2"
522,"2"
523,"2"
525,"2"
526,"3"
527,"3"
528,"3"
529,"3"
530,"2"
531,"2"
532,"2"
533,"3"
534,"3"
535,"3"
536,"2"
537,"3"
538,"3"
539,"3"
540,"3"
541,"3"
542,"2"
543,"3"
544,"3"
545,"3"
546,"3"
547,"2"
548,"3"
549,"3"
550,"2"
551,"2"
552,"3"
553,"3"
554,"4"
555,"3"
557,"3"
558,"2"
559,"2"
560,"2"
562,"3"
563,"3"
564,"3"
565,"3"
566,"3"
567,"2"
568,"2"
569,"3"
570,"3"
571,"3"
572,"3"
573,"3"
574,"3"
575,"2"
576,"2"
577,"2"
579,"2"
580,"2"
581,"4"
582,"4"
583,"3"
584,"3"
585,"2"
586,"3"
587,"3"
588,"3"
589,"3"
590,"4"
591,"3"
592,"3"
593,"2"
594,"3"
595,"4"
596,"3"
597,"3"
598,"3"
599,"3"
600,"2"
601,"2"
602,"3"
603,"3"
604,"3"
605,"3"
606,"2"
607,"3"
608,"2"
609,"2"
610,"3"
611,"3"
612,"3"
613,"3"
614,"2"
615,"3"
616,"2"
617,"2"
618,"2"
619,"2"
620,"2"
621,"1"
624,"2"
625,"3"
626,"2"
627,"2"
628,"3"
629,"2"
630,"2"
633,"2"
634,"2"
635,"2"
636,"2"
637,"2"
638,"3"
639,"2"
640,"3"
641,"2"
642,"2"
643,"2"
644,"3"
645,"3"
649,"2"
650,"3"
651,"3"
653,"2"
654,"2"
655,"2"
656,"2"
657,"2"
658,"3"
659,"3"
661,"1"
662,"3"
663,"2"
664,"2"
665,"2"
666,"3"
667,"3"
668,"2"
669,"2"
670,"2"
671,"3"
672,"3"
674,"2"
675,"2"
677,"2"
678,"2"
679,"3"
680,"3"
681,"3"
682,"3"
683,"3"
684,"3"
685,"3"
686,"2"
688,"2"
689,"2"
690,"3"
691,"3"
692,"3"
693,"3"
694,"3"
695,"2"
696,"3"
697,"4"
698,"4"
699,"4"
700,"4"
701,"3"
702,"4"
703,"4"
704,"4"
705,"4"
706,"4"
707,"2"
708,"3"
709,"3"
710,"5"
711,"3"
712,"4"
713,"4"
714,"4"
715,"4"
716,"4"
717,"4"
718,"4"
719,"4"
720,"3"
721,"3"
722,"1"
723,"2"
724,"3"
725,"2"
726,"2"
727,"2"
728,"2"
729,"1"
730,"2"
731,"3"
733,"2"
738,"2"
739,"2"
740,"2"
741,"2"
742,"2"
743,"2"
744,"2"
745,"2"
746,"1"
747,"1"
748,"2"
749,"2"
750,"2"
751,"2"
752,"2"
753,"2"
754,"2"
755,"2"
756,"2"
757,"2"
758,"2"
759,"2"
760,"2"
761,"3"
762,"3"
763,"2"
765,"2"
767,"2"
768,"3"
769,"5"
770,"3"
771,"3"
772,"3"
773,"2"
774,"2"
775,"2"
776,"2"
777,"2"
779,"2"
780,"3"
781,"2"
782,"1"
783,"3"
784,"2"
785,"2"
786,"2"
788,"2"
790,"2"
791,"1"
792,"2"
793,"2"
795,"2"
796,"2"
797,"1"
798,"2"
799,"3"
800,"3"
801,"2"
802,"2"
803,"2"
804,"2"
807,"1"
808,"2"
809,"2"
810,"2"
811,"2"
812,"2"
813,"2"
814,"2"
815,"3"
817,"2"
818,"2"
819,"2"
820,"2"
821,"2"
822,"2"
823,"2"
824,"2"
825,"2"
826,"2"
827,"2"
828,"2"
829,"2"
830,"2"
831,"2"
832,"2"
833,"2"
834,"1"
835,"2"
836,"3"
837,"3"
838,"2"
839,"3"
840,"3"
841,"3"
842,"2"
843,"2"
844,"1"
845,"2"
846,"2"
847,"2"
848,"2"
849,"2"
850,"2"
851,"2"
852,"2"
853,"2"
854,"2"
855,"3"
856,"2"
857,"3"
858,"3"
859,"2"
860,"3"
861,"2"
862,"2"
863,"3"
864,"3"
865,"3"
866,"3"
867,"2"
869,"3"
870,"3"
873,"3"
874,"2"
875,"2"
876,"2"
877,"2"
878,"2"
879,"2"
880,"3"
881,"2"
882,"3"
883,"2"
884,"2"
885,"3"
886,"2"
887,"2"
893,"2"
894,"2"
895,"2"
897,"3"
903,"1"
904,"2"
905,"3"
906,"2"
907,"2"
908,"2"
909,"2"
910,"3"
911,"3"
912,"2"
913,"2"
914,"2"
915,"2"
916,"2"
917,"3"
918,"2"
919,"2"
924,"2"
925,"2"
927,"2"
928,"3"
929,"2"
930,"3"
931,"2"
935,"3"
936,"3"
938,"2"
940,"3"
941,"4"
942,"4"
943,"3"
944,"3"
945,"3"
946,"2"
947,"4"
948,"4"
949,"4"
951,"2"
952,"4"
953,"3"
957,"3"
958,"3"
959,"3"
960,"2"
961,"3"
962,"2"
963,"3"
964,"2"
965,"2"
966,"2"
967,"2"
968,"3"
969,"1"
972,"3"
973,"3"
974,"1"
975,"2"
976,"2"
979,"2"
980,"2"
981,"3"
983,"2"
984,"2"
985,"2"
987,"2"
988,"1"
989,"2"
990,"2"
991,"2"
992,"2"
993,"3"
997,"2"
998,"2"
999,"3"
1000,"3"
1001,"2"
1002,"1"
1003,"2"
1004,"2"
1005,"2"
1006,"3"
1007,"3"
1008,"2"
1009,"2"
1010,"3"
1012,"3"
1013,"1"
1015,"2"
1016,"1"
1017,"2"
1018,"2"
1019,"2"
1020,"2"
1021,"1"
1022,"3"
1023,"3"
1024,"2"
1025,"2"
1026,"2"
1027,"3"
1028,"3"
1035,"2"
1036,"2"
1037,"3"
1038,"3"
1039,"3"
1040,"3"
1041,"1"
1042,"3"
1043,"2"
1044,"3"
1045,"3"
1046,"2"
1047,"2"
1048,"2"
1049,"3"
1050,"3"
1051,"2"
1052,"3"
1053,"2"
1054,"2"
1055,"2"
1062,"2"
1063,"3"
1064,"2"
1065,"2"
1066,"2"
1067,"2"
1068,"2"
1069,"2"
1070,"2"
1071,"2"
1072,"2"
1073,"3"
1074,"1"
1076,"2"
1077,"1"
1078,"2"
1079,"2"
1080,"3"
1081,"2"
1082,"2"
1083,"3"
1085,"2"
1086,"1"
1087,"2"
1088,"3"
1089,"3"
1090,"2"
1091,"2"
1092,"3"
1093,"3"
1094,"2"
1095,"2"
1096,"2"
1097,"3"
1099,"3"
1100,"3"
1101,"2"
1102,"3"
1103,"3"
1104,"2"
1107,"2"
1108,"3"
1109,"3"
1110,"3"
1111,"2"
1112,"2"
1113,"3"
1114,"3"
1115,"3"
1117,"2"
1118,"2"
1119,"3"
1120,"2"
1121,"2"
1122,"3"
1123,"3"
1124,"3"
1125,"3"
1127,"2"
1130,"2"
1131,"2"
1132,"5"
1133,"2"
1134,"3"
1135,"2"
1137,"2"
1138,"2"
1139,"3"
1140,"2"
1141,"2"
1142,"3"
1143,"3"
1144,"3"
1145,"2"
1150,"2"
1151,"2"
1152,"3"
1153,"3"
1154,"3"
1155,"2"
1157,"2"
1158,"2"
1159,"2"
1160,"3"
1161,"3"
1162,"3"
1163,"3"
1164,"2"
1165,"2"
1166,"2"
1167,"3"
1168,"2"
1169,"3"
1170,"2"
1171,"2"
1172,"1"
1173,"2"
1174,"2"
1175,"2"
1176,"2"
1177,"2"
1178,"2"
1179,"2"
1181,"2"
1182,"2"
1184,"2"
1185,"2"
1186,"3"
1187,"2"
1188,"2"
1190,"2"
1191,"2"
1192,"2"
1193,"2"
1194,"3"
1195,"2"
1196,"2"
1197,"2"
1198,"2"
1199,"2"
1200,"3"
1201,"2"
1202,"2"
1203,"3"
1205,"2"
1206,"2"
1207,"2"
1208,"4"
1209,"4"
1210,"4"
1211,"3"
1212,"3"
1213,"3"
1214,"4"
1215,"4"
1216,"4"
1217,"2"
1218,"2"
1219,"2"
1220,"2"
1221,"2"
1222,"2"
1223,"3"
1224,"3"
1225,"3"
1226,"1"
1227,"3"
1228,"2"
1229,"2"
1231,"2"
1232,"3"
1233,"2"
1234,"2"
1235,"2"
1237,"2"
1238,"2"
1239,"2"
1240,"2"
1241,"3"
1242,"3"
1243,"2"
1244,"2"
1245,"2"
1246,"2"
1247,"2"
1248,"2"
1249,"2"
1250,"2"
1251,"2"
1252,"2"
1253,"2"
1254,"2"
1255,"2"
1256,"3"
1258,"2"
1259,"3"
1260,"2"
1262,"2"
1265,"2"
1266,"2"
1267,"2"
1268,"2"
1269,"2"
1270,"2"
1272,"3"
1273,"2"
1274,"2"
1275,"3"
1276,"3"
1277,"2"
1278,"1"
1279,"1"
1280,"2"
1281,"3"
1282,"1"
1283,"1"
1284,"2"
1285,"2"
1286,"1"
1287,"1"
1288,"2"
1289,"2"
1290,"2"
1291,"2"
1292,"2"
1293,"3"
1294,"2"
1295,"2"
1296,"2"
1297,"2"
1298,"2"
1299,"2"
1300,"2"
1301,"2"
1302,"3"
1303,"2"
1304,"2"
1305,"2"
1306,"2"
1307,"3"
1308,"3"
1309,"3"
1310,"2"
1311,"2"
1312,"3"
1313,"3"
1314,"2"
1315,"3"
1316,"3"
1317,"2"
1318,"2"
1319,"3"
1320,"2"
1321,"2"
1322,"2"
1323,"2"
1324,"3"
1325,"3"
1326,"2"
1327,"3"
1328,"2"
1329,"2"
1330,"2"
1331,"3"
1332,"2"
1333,"3"
1334,"2"
1335,"2"
1336,"3"
1337,"2"
1338,"2"
1339,"2"
1340,"2"
1341,"2"
1342,"2"
1343,"2"
1344,"2"
1345,"2"
1347,"2"
1348,"1"
1349,"2"
1350,"2"
1352,"2"
1353,"2"
1354,"1"
1355,"1"
1357,"2"
1358,"1"
1359,"1"
1360,"1"
1362,"2"
1363,"2"
1364,"2"
1365,"2"
1366,"2"
1367,"2"
1369,"2"
1370,"2"
1371,"1"
1372,"2"
1373,"2"
1374,"2"
1375,"2"
1376,"2"
1377,"2"
1378,"2"
1379,"2"
1380,"2"
1381,"2"
1382,"2"
1383,"2"
1384,"2"
1385,"2"
1386,"2"
1387,"3"
1388,"3"
1389,"2"
1391,"3"
1392,"2"
1394,"2"
1395,"2"
1396,"3"
1397,"2"
1398,"3"
1399,"2"
1400,"2"
1401,"2"
1402,"2"
1403,"2"
1404,"2"
1405,"3"
1406,"2"
1407,"2"
1409,"2"
1410,"2"
1411,"2"
1412,"2"
1413,"3"
1414,"3"
1415,"2"
1417,"2"
1418,"2"
1419,"2"
1421,"2"
1423,"2"
1424,"2"
1425,"2"
1426,"2"
1427,"2"
1428,"2"
1429,"2"
1430,"2"
1432,"2"
1433,"2"
1434,"3"
1435,"2"
1436,"2"
1438,"2"
1439,"2"
1440,"2"
1441,"2"
1442,"2"
1443,"2"
1444,"2"
1445,"2"
1447,"2"
1449,"2"
1450,"3"
1451,"3"
1452,"3"
1453,"2"
1454,"2"
1455,"2"
1456,"2"
1457,"3"
1458,"2"
1459,"2"
1460,"2"
1462,"2"
1463,"2"
1464,"2"
1465,"2"
1466,"3"
1467,"2"
1468,"2"
1469,"2"
1471,"3"
1472,"2"
1473,"3"
1474,"2"
1476,"2"
1478,"2"
1479,"2"
1480,"2"
1481,"2"
1482,"2"
1484,"2"
1485,"2"
1486,"2"
1487,"1"
1488,"2"
1489,"3"
1490,"3"
1492,"3"
1493,"3"
1494,"1"
1495,"2"
1496,"2"
1499,"2"
1500,"2"
1505,"1"
1506,"2"
1507,"2"
1508,"3"
1509,"3"
1510,"3"
1511,"3"
1512,"3"
1513,"2"
1514,"2"
1515,"3"
1517,"2"
1518,"2"
1519,"2"
1520,"2"
1521,"2"
1523,"3"
1524,"2"
1525,"2"
1526,"2"
1528,"3"
1529,"2"
1530,"2"
1531,"2"
1532,"3"
1533,"2"
1534,"2"
1535,"3"
1536,"3"
1537,"3"
1538,"2"
1539,"2"
1540,"3"
1545,"2"
1546,"1"
1547,"3"
1548,"4"
1549,"2"
1550,"3"
1551,"4"
1552,"4"
1553,"3"
1554,"3"
1555,"3"
1556,"4"
1557,"4"
1558,"2"
1559,"2"
1560,"3"
1566,"3"
1567,"2"
1573,"2"
1574,"2"
1575,"2"
1576,"2"
1577,"2"
1578,"2"
1579,"2"
1580,"4"
1581,"4"
1582,"3"
1584,"3"
1585,"2"
1586,"2"
1587,"2"
1591,"2"
1592,"2"
1593,"2"
1594,"3"
1595,"1"
1596,"2"
1597,"3"
1598,"2"
1599,"2"
1600,"2"
1601,"3"
1602,"2"
1603,"3"
1604,"2"
1605,"2"
1606,"3"
1607,"2"
1608,"2"
1609,"3"
1610,"2"
1614,"2"
1615,"2"
1616,"1"
1617,"1"
1618,"2"
1619,"2"
1620,"2"
1622,"2"
1623,"2"
1624,"2"
1625,"2"
1626,"3"
1627,"2"
1628,"3"
1629,"3"
1630,"3"
1631,"2"
1632,"5"
1633,"4"
1634,"3"
1635,"5"
1636,"3"
1637,"3"
1638,"2"
1639,"3"
1640,"2"
1641,"2"
1642,"3"
1643,"2"
1644,"1"
1645,"2"
1646,"2"
1647,"2"
1648,"2"
1649,"2"
1650,"2"
1651,"2"
1652,"2"
1654,"2"
1655,"2"
1656,"3"
1657,"3"
1658,"2"
1659,"2"
1660,"2"
1661,"2"
1662,"2"
1664,"2"
1665,"3"
1666,"3"
1667,"2"
1668,"3"
1669,"3"
1670,"2"
1671,"3"
1672,"2"
1673,"2"
1674,"2"
1675,"2"
1676,"5"
1678,"2"
1679,"3"
1680,"2"
1681,"2"
1682,"2"
1683,"3"
1684,"2"
1685,"2"
1686,"2"
1687,"2"
1688,"3"
1689,"2"
1690,"2"
1691,"3"
1692,"2"
1693,"3"
1694,"4"
1695,"3"
1696,"2"
1697,"2"
1698,"3"
1699,"3"
1700,"2"
1701,"3"
1702,"3"
1703,"2"
1704,"2"
1705,"3"
1706,"2"
1707,"3"
1708,"3"
1709,"3"
1710,"1"
1711,"2"
1712,"2"
1713,"2"
1714,"2"
1715,"2"
1719,"4"
1724,"2"
1725,"3"
1726,"2"
1727,"2"
1728,"2"
1729,"3"
1730,"2"
1731,"3"
1732,"2"
1733,"3"
1734,"3"
1735,"2"
1736,"3"
1737,"2"
1738,"2"
1739,"3"
1740,"2"
1741,"2"
1742,"2"
1743,"2"
1744,"3"
1745,"3"
1746,"3"
1747,"3"
1748,"2"
1749,"2"
1750,"3"
1751,"2"
1752,"3"
1753,"2"
1754,"2"
1755,"3"
1756,"3"
1757,"3"
1758,"2"
1759,"3"
1760,"2"
1761,"2"
1762,"2"
1763,"2"
1764,"2"
1765,"3"
1766,"2"
1767,"2"
1769,"3"
1770,"3"
1771,"3"
1773,"3"
1774,"3"
1775,"2"
1776,"2"
1777,"3"
1778,"2"
1782,"2"
1783,"2"
1784,"2"
1785,"2"
1786,"2"
1788,"2"
1789,"2"
1792,"2"
1793,"2"
1794,"2"
1795,"2"
1796,"2"
1797,"3"
1798,"2"
1799,"2"
1800,"2"
1801,"2"
1802,"2"
1803,"2"
1804,"2"
1805,"3"
1806,"2"
1807,"3"
1808,"4"
1813,"2"
1814,"2"
1816,"2"
1817,"2"
1818,"3"
1819,"3"
1820,"2"
1822,"2"
1824,"2"
1825,"3"
1826,"2"
1827,"2"
1828,"3"
1829,"3"
1830,"2"
1831,"3"
1833,"2"
1834,"3"
1835,"3"
1836,"2"
1837,"3"
1838,"3"
1840,"2"
1841,"2"
1842,"2"
1844,"2"
1845,"3"
1847,"4"
1849,"2"
1850,"2"
1851,"2"
1852,"2"
1853,"2"
1854,"2"
1856,"2"
1857,"3"
1858,"2"
1859,"2"
1860,"3"
1861,"3"
1862,"2"
1863,"3"
1864,"3"
1865,"2"
1866,"2"
1867,"3"
1869,"2"
1870,"2"
1871,"2"
1872,"3"
1873,"2"
1874,"2"
1875,"3"
1876,"2"
1877,"3"
1878,"3"
1879,"3"
1880,"3"
1881,"3"
1882,"2"
1883,"3"
1884,"2"
1887,"2"
1888,"3"
1889,"3"
1890,"2"
1891,"3"
1893,"3"
1894,"3"
1895,"3"
1896,"3"
1897,"3"
1898,"2"
1899,"2"
1902,"2"
1903,"2"
1904,"2"
1905,"3"
1906,"2"
1907,"2"
1908,"3"
1909,"2"
1911,"2"
1912,"2"
1913,"2"
1914,"3"
1934,"1"
1935,"1"
1937,"1"
1938,"2"
1939,"2"
1940,"2"
1941,"2"
1942,"3"
1943,"2"
1944,"3"
1945,"2"
1946,"2"
1947,"2"
1948,"2"
1949,"2"
1950,"2"
1951,"2"
1952,"3"
1953,"3"
1954,"3"
1955,"3"
1956,"3"
1957,"3"
1958,"4"
1959,"2"
1960,"4"
1963,"2"
1964,"2"
1965,"3"
1966,"2"
1968,"2"
1969,"3"
1970,"3"
1971,"3"
1972,"2"
1973,"2"
1974,"3"
1975,"2"
1977,"5"
1978,"3"
1980,"3"
1981,"3"
1982,"2"
1984,"3"
1985,"3"
1986,"2"
1987,"2"
1988,"2"
1989,"2"
1990,"2"
1992,"3"
1993,"2"
1994,"3"
1995,"2"
1996,"2"
1997,"2"
1998,"2"
1999,"1"
2001,"1"
2002,"2"
2003,"2"
2007,"3"
2008,"3"
2009,"3"
2010,"3"
2011,"2"
2012,"3"
2013,"2"
2014,"2"
2015,"3"
2016,"2"
2017,"3"
2018,"2"
2019,"3"
2020,"3"
2021,"3"
2022,"2"
2023,"2"
2024,"3"
2025,"3"
2026,"2"
2027,"2"
2028,"2"
2029,"2"
2030,"2"
2031,"2"
2032,"2"
2033,"3"
2034,"3"
2035,"2"
2036,"2"
2037,"3"
2039,"2"
2040,"2"
2041,"1"
2042,"2"
2043,"3"
2044,"3"
2045,"3"
2046,"3"
2047,"2"
2048,"2"
2049,"2"
2050,"2"
2051,"3"
2052,"2"
2053,"2"
2054,"3"
2055,"2"
2056,"2"
2057,"2"
2058,"2"
2059,"3"
2060,"2"
2061,"3"
2062,"3"
2063,"3"
2064,"2"
2065,"3"
2066,"2"
2067,"2"
2068,"2"
2069,"3"
2070,"2"
2071,"1"
2072,"3"
2073,"2"
2074,"3"
2075,"3"
2076,"2"
2080,"3"
2081,"3"
2082,"3"
2083,"3"
2084,"3"
2085,"2"
2086,"2"
2087,"2"
2088,"2"
2089,"2"
2094,"2"
2095,"2"
2096,"2"
2097,"2"
2099,"2"
2101,"2"
2102,"2"
2103,"2"
2105,"3"
2109,"3"
2110,"2"
2111,"2"
2112,"3"
2113,"2"
2114,"2"
2115,"1"
2116,"2"
2117,"2"
2118,"3"
2119,"3"
2120,"2"
2121,"2"
2123,"2"
2124,"2"
2125,"2"
2126,"2"
2127,"2"
2128,"3"
2129,"2"
2130,"2"
2133,"3"
2134,"3"
2135,"3"
2136,"2"
2137,"2"
2138,"3"
2139,"3"
2140,"3"
2141,"3"
2142,"3"
2143,"3"
2145,"2"
2146,"3"
2147,"3"
2148,"2"
2149,"2"
2150,"3"
2151,"3"
2152,"3"
2153,"3"
2154,"2"
2156,"2"
2158,"2"
2159,"2"
2160,"2"
2161,"2"
2162,"2"
2163,"2"
2164,"3"
2165,"2"
2166,"4"
2167,"3"
2168,"2"
2169,"2"
2170,"3"
2171,"3"
2172,"2"
2173,"2"
2174,"3"
2176,"4"
2177,"12"
2178,"4"
2181,"2"
2182,"3"
2183,"3"
2184,"2"
2185,"2"
2186,"2"
2187,"3"
2188,"2"
2189,"2"
2190,"2"
2191,"2"
2192,"3"
2193,"4"
2194,"4"
2195,"4"
2196,"3"
2197,"2"
2198,"3"
2199,"3"
2200,"2"
2201,"4"
2202,"2"
2203,"2"
2204,"3"
2205,"2"
2206,"2"
2207,"3"
2208,"3"
2210,"2"
2211,"2"
2212,"1"
2213,"3"
2214,"3"
2215,"4"
2216,"3"
2217,"2"
2218,"3"
2219,"3"
2220,"2"
2221,"3"
2223,"2"
2224,"2"
2225,"2"
2226,"3"
2227,"2"
2228,"3"
2229,"2"
2230,"2"
2231,"2"
2232,"3"
2233,"3"
2234,"3"
2235,"4"
2236,"4"
2238,"4"
2239,"3"
2241,"3"
2242,"2"
2243,"5"
2244,"3"
2245,"3"
2246,"2"
2247,"2"
2248,"4"
2249,"5"
2250,"4"
2251,"4"
2255,"1"
2256,"2"
2257,"2"
2258,"2"
2259,"2"
2260,"2"
2261,"2"
2262,"2"
2264,"2"
2265,"4"
2269,"4"
2270,"2"
2274,"3"
2278,"2"
2279,"2"
2280,"3"
2281,"2"
2282,"2"
2283,"2"
2289,"3"
2290,"3"
2294,"2"
2310,"1"
2311,"2"
2312,"2"
2313,"2"
2314,"2"
2315,"2"
2317,"2"
2318,"2"
2319,"2"
2320,"2"
2321,"2"
2322,"3"
2323,"2"
2324,"2"
2325,"3"
2326,"3"
2327,"1"
2328,"2"
2329,"2"
2330,"2"
2331,"2"
2332,"2"
2333,"3"
2334,"2"
2335,"4"
2336,"3"
2337,"3"
2338,"2"
2339,"3"
2340,"2"
2345,"2"
2346,"2"
2349,"1"
2351,"2"
2352,"2"
2355,"2"
2357,"3"
2358,"3"
2359,"2"
2360,"3"
2363,"1"
2364,"2"
2369,"2"
2370,"2"
2371,"2"
2372,"3"
2373,"3"
2374,"2"
2377,"3"
2378,"2"
2379,"2"
2380,"2"
2382,"2"
2383,"2"
2385,"1"
2386,"2"
2387,"2"
2388,"2"
2389,"2"
2390,"2"
2391,"3"
2392,"2"
2393,"2"
2394,"2"
2395,"2"
2396,"2"
2397,"3"
2398,"2"
2399,"2"
2400,"3"
2401,"2"
2402,"2"
2403,"3"
2404,"2"
2405,"3"
2406,"2"
2408,"2"
2409,"3"
2410,"3"
2411,"2"
2412,"2"
2413,"2"
2414,"3"
2415,"3"
2416,"2"
2417,"2"
2418,"3"
2419,"3"
2420,"2"
2421,"3"
2423,"3"
2424,"3"
2425,"2"
2426,"3"
2427,"2"
2428,"3"
2429,"3"
2430,"3"
2431,"2"
2432,"2"
2433,"3"
2434,"2"
2435,"2"
2436,"2"
2437,"2"
2438,"2"
2439,"2"
2440,"2"
2441,"2"
2442,"2"
2443,"2"
2444,"3"
2445,"3"
2446,"2"
2447,"2"
2448,"2"
2449,"2"
2450,"2"
2451,"2"
2452,"2"
2453,"2"
2454,"2"
2455,"2"
2456,"3"
2457,"2"
2458,"2"
2459,"2"
2460,"3"
2461,"2"
2462,"2"
2463,"2"
2464,"2"
2465,"2"
2466,"2"
2467,"2"
2468,"3"
2471,"2"
2472,"2"
2473,"3"
2474,"2"
2475,"2"
2476,"2"
2477,"2"
2478,"2"
2479,"2"
2480,"2"
2481,"2"
2482,"1"
2483,"2"
2484,"3"
2485,"2"
2486,"2"
2487,"2"
2488,"2"
2489,"3"
2490,"2"
2491,"2"
2492,"2"
2493,"3"
2494,"2"
2495,"2"
2496,"2"
2497,"2"
2498,"2"
2499,"2"
2500,"2"
2501,"2"
2508,"2"
2510,"3"
2515,"2"
2516,"3"
2517,"3"
2518,"4"
2520,"3"
2521,"3"
2522,"2"
2523,"3"
2524,"3"
2532,"2"
2533,"2"
2534,"3"
2535,"2"
2536,"3"
2538,"2"
2539,"2"
2540,"2"
2542,"2"
2544,"8"
2545,"2"
2547,"3"
2548,"3"
2550,"3"
2551,"2"
2553,"3"
2554,"2"
2555,"3"
2556,"3"
2557,"2"
2558,"3"
2559,"2"
2560,"2"
2561,"2"
2562,"3"
2564,"3"
2566,"2"
2567,"3"
2568,"2"
2569,"3"
2570,"2"
2571,"2"
2573,"3"
2574,"3"
2575,"3"
2577,"3"
2578,"4"
2579,"4"
2583,"4"
2584,"4"
2585,"4"
2586,"4"
2587,"4"
2588,"5"
2589,"4"
2590,"3"
2591,"3"
2592,"3"
2594,"2"
2595,"3"
2596,"2"
2597,"3"
2599,"3"
2600,"3"
2601,"3"
2602,"3"
2603,"3"
2604,"1"
2605,"2"
2606,"2"
2607,"3"
2608,"3"
2609,"3"
2610,"2"
2611,"2"
2613,"3"
2614,"2"
2615,"2"
2616,"3"
2617,"1"
2618,"3"
2619,"4"
2620,"2"
2621,"2"
2622,"2"
2623,"3"
2624,"3"
2626,"3"
2628,"2"
2629,"2"
2631,"3"
2632,"2"
2633,"2"
2634,"1"
2635,"3"
2636,"3"
2637,"2"
2638,"2"
2640,"2"
2641,"3"
2642,"2"
2643,"2"
2644,"3"
2645,"2"
2646,"2"
2647,"2"
2648,"2"
2649,"2"
2650,"2"
2652,"2"
2653,"3"
2654,"3"
2655,"2"
2656,"2"
2657,"2"
2658,"2"
2659,"3"
2660,"2"
2661,"2"
2662,"2"
2663,"2"
2664,"2"
2665,"2"
2666,"2"
2667,"3"
2668,"2"
2669,"2"
2672,"2"
2673,"2"
2674,"2"
2675,"3"
2676,"2"
2678,"3"
2679,"3"
2680,"3"
2681,"2"
2682,"3"
2685,"2"
2686,"2"
2687,"3"
2688,"3"
2689,"2"
2696,"2"
2697,"2"
2700,"1"
2701,"3"
2702,"3"
2703,"2"
2704,"2"
2706,"2"
2708,"2"
2709,"3"
2710,"3"
2711,"3"
2712,"3"
2713,"2"
2714,"3"
2715,"3"
2716,"3"
2717,"2"
2718,"2"
2719,"2"
2720,"2"
2721,"3"
2722,"3"
2725,"3"
2726,"2"
2727,"3"
2728,"2"
2729,"3"
2730,"3"
2733,"3"
2734,"4"
2735,"4"
2736,"3"
2737,"2"
2738,"2"
2739,"2"
2740,"2"
2741,"2"
2742,"3"
2743,"3"
2745,"2"
2746,"4"
2747,"3"
2748,"2"
2750,"2"
2751,"2"
2752,"3"
2753,"2"
2754,"2"
2755,"4"
2756,"3"
2762,"4"
2763,"2"
2764,"2"
2765,"2"
2766,"2"
2767,"3"
2768,"2"
2769,"4"
2770,"3"
2771,"4"
2772,"3"
2773,"3"
2774,"2"
2775,"3"
2777,"3"
2778,"3"
2780,"2"
2781,"2"
2782,"2"
2783,"2"
2784,"2"
2785,"2"
2786,"2"
2787,"2"
2788,"1"
2789,"2"
2790,"2"
2791,"1"
2793,"2"
2794,"2"
2795,"2"
2796,"1"
2797,"3"
2798,"2"
2799,"3"
2800,"2"
2801,"2"
2804,"2"
2806,"2"
2807,"3"
2808,"2"
2809,"1"
2810,"1"
2811,"2"
2812,"2"
2813,"2"
2814,"2"
2815,"2"
2816,"3"
2817,"2"
2818,"3"
2819,"3"
2820,"3"
2822,"3"
2823,"3"
2824,"2"
2825,"2"
2826,"2"
2827,"2"
2828,"2"
2829,"2"
2830,"3"
2831,"3"
2832,"3"
2833,"2"
2835,"3"
2836,"2"
2837,"2"
2838,"3"
2839,"3"
2840,"3"
2841,"2"
2842,"2"
2843,"3"
2844,"3"
2845,"2"
2846,"2"
2847,"3"
2848,"2"
2849,"2"
2850,"2"
2851,"2"
2852,"2"
2853,"2"
2854,"2"
2855,"2"
2856,"2"
2857,"2"
2858,"2"
2859,"3"
2860,"3"
2861,"2"
2862,"3"
2863,"10"
2864,"3"
2865,"1"
2866,"2"
2867,"2"
2868,"3"
2872,"2"
2873,"2"
2874,"3"
2877,"2"
2878,"4"
2879,"3"
2880,"3"
2882,"3"
2883,"3"
2885,"2"
2886,"3"
2887,"3"
2892,"2"
2893,"3"
2894,"3"
2895,"3"
2896,"3"
2897,"3"
2898,"2"
2899,"3"
2900,"2"
2901,"3"
2902,"3"
2903,"2"
2906,"2"
2907,"2"
2908,"2"
2909,"2"
2910,"3"
2911,"2"
2912,"1"
2914,"2"
2915,"2"
2916,"2"
2917,"3"
2918,"3"
2919,"2"
2920,"3"
2921,"3"
2922,"3"
2923,"3"
2924,"2"
2925,"3"
2927,"2"
2929,"3"
2930,"3"
2933,"2"
2935,"2"
2936,"3"
2937,"3"
2938,"3"
2940,"3"
2941,"2"
2942,"2"
2943,"2"
2944,"3"
2945,"3"
2946,"3"
2947,"3"
2948,"2"
2949,"2"
2950,"3"
2954,"2"
2955,"2"
2956,"3"
2957,"2"
2958,"3"
2959,"2"
2960,"1"
2961,"3"
2962,"2"
2963,"3"
2964,"3"
2965,"2"
2966,"3"
2967,"2"
2968,"3"
2969,"3"
2970,"3"
2971,"2"
2975,"3"
2976,"3"
2977,"3"
2978,"2"
2979,"3"
2980,"3"
2981,"3"
2983,"2"
2984,"3"
2985,"2"
2986,"3"
2988,"2"
2989,"2"
2990,"2"
2991,"2"
2992,"3"
2993,"2"
2994,"3"
2995,"3"
2996,"3"
2997,"1"
2998,"2"
2999,"3"
3000,"2"
3001,"2"
3002,"2"
3003,"2"
3004,"3"
3005,"2"
3006,"3"
3007,"3"
3008,"3"
3011,"3"
3012,"2"
3014,"2"
3015,"2"
3016,"3"
3017,"3"
3018,"2"
3019,"3"
3020,"2"
3021,"3"
3022,"3"
3023,"3"
3024,"3"
3025,"2"
3026,"2"
3027,"3"
3028,"2"
3029,"3"
3030,"2"
3031,"2"
3032,"2"
3033,"2"
3034,"2"
3036,"2"
3037,"2"
3038,"3"
3039,"3"
3040,"3"
3041,"2"
3042,"3"
3045,"2"
3046,"2"
3047,"2"
3048,"2"
3049,"3"
3050,"2"
3051,"2"
3052,"2"
3053,"3"
3054,"3"
3055,"3"
3056,"3"
3057,"2"
3058,"2"
3059,"2"
3060,"3"
3061,"3"
3062,"3"
3063,"2"
3064,"3"
3065,"2"
3066,"2"
3067,"2"
3068,"2"
3069,"2"
3070,"2"
3071,"2"
3072,"3"
3073,"2"
3074,"2"
3075,"3"
3076,"3"
3077,"3"
3078,"3"
3079,"2"
3080,"2"
3081,"2"
3082,"2"
3083,"1"
3084,"2"
3085,"1"
3087,"3"
3088,"3"
3089,"2"
3090,"2"
3091,"2"
3092,"3"
3093,"2"
3094,"3"
3095,"2"
3096,"2"
3097,"2"
3098,"2"
3100,"2"
3101,"2"
3102,"2"
3103,"2"
3105,"2"
3106,"3"
3107,"3"
3108,"3"
3111,"3"
3112,"2"
3114,"2"
3115,"2"
3116,"3"
3117,"3"
3118,"3"
3119,"3"
3120,"2"
3122,"3"
3123,"4"
3124,"4"
3125,"3"
3126,"2"
3127,"3"
3128,"3"
3129,"3"
3130,"2"
3131,"3"
3132,"4"
3133,"4"
3134,"3"
3135,"5"
3136,"3"
3138,"3"
3139,"2"
3140,"2"
3141,"2"
3142,"3"
3143,"3"
3144,"3"
3145,"3"
3146,"3"
3147,"4"
3148,"4"
3149,"3"
3150,"3"
3151,"3"
3152,"2"
3153,"2"
3154,"3"
3155,"4"
3156,"3"
3158,"2"
3159,"3"
3160,"4"
3161,"2"
3162,"3"
3163,"3"
3164,"2"
3165,"1"
3166,"2"
3167,"3"
3168,"3"
3169,"2"
3171,"2"
3173,"2"
3174,"3"
3175,"3"
3176,"1"
3177,"3"
3178,"3"
3179,"3"
3181,"3"
3182,"3"
3183,"3"
3184,"3"
3187,"2"
3188,"2"
3189,"3"
3190,"3"
3191,"4"
3192,"3"
3193,"1"
3194,"3"
3195,"3"
3196,"2"
3198,"2"
3199,"3"
3200,"3"
3201,"2"
3202,"1"
3203,"2"
3204,"3"
3205,"2"
3206,"2"
3207,"2"
3208,"2"
3209,"3"
3210,"3"
3211,"3"
3212,"2"
3213,"3"
3214,"2"
3215,"3"
3216,"3"
3217,"3"
3218,"3"
3219,"2"
3220,"2"
3221,"2"
3222,"2"
3223,"2"
3224,"2"
3225,"2"
3226,"2"
3227,"4"
3228,"3"
3229,"2"
3230,"3"
3231,"2"
3232,"2"
3233,"3"
3234,"3"
3235,"3"
3236,"2"
3237,"2"
3238,"2"
3239,"3"
3240,"2"
3241,"2"
3242,"2"
3243,"2"
3244,"3"
3245,"3"
3246,"2"
3247,"3"
3248,"2"
3249,"3"
3254,"2"
3255,"2"
3256,"2"
3258,"3"
3259,"2"
3260,"2"
3261,"2"
3262,"2"
3265,"2"
3266,"3"
3267,"3"
3268,"3"
3269,"4"
3270,"2"
3271,"3"
3272,"4"
3273,"4"
3274,"3"
3275,"2"
3276,"2"
3277,"2"
3278,"3"
3279,"3"
3280,"3"
3282,"3"
3283,"3"
3284,"3"
3285,"3"
3289,"3"
3290,"2"
3291,"4"
3292,"4"
3293,"3"
3294,"2"
3295,"4"
3296,"3"
3297,"3"
3298,"3"
3306,"3"
3307,"3"
3309,"2"
3310,"3"
3312,"2"
3317,"1"
3318,"2"
3320,"3"
3321,"3"
3322,"2"
3328,"3"
3329,"2"
3330,"4"
3331,"4"
3332,"2"
3333,"1"
3334,"2"
3335,"3"
3336,"4"
3337,"3"
3338,"3"
3339,"3"
3340,"3"
3343,"3"
3344,"2"
3345,"2"
3346,"2"
3351,"3"
3352,"2"
3353,"2"
3354,"3"
3355,"2"
3356,"2"
3357,"2"
3358,"3"
3360,"2"
3361,"2"
3362,"3"
3365,"3"
3366,"3"
3367,"3"
3368,"2"
3370,"2"
3372,"2"
3373,"3"
3374,"2"
3376,"3"
3377,"3"
3378,"2"
3379,"3"
3383,"3"
3384,"4"
3385,"3"
3386,"3"
3387,"4"
3389,"3"
3390,"3"
3392,"4"
3393,"4"
3394,"3"
3396,"2"
3397,"3"
3398,"2"
3399,"2"
3400,"3"
3401,"2"
3402,"2"
3403,"3"
3404,"2"
3405,"3"
3406,"4"
3407,"4"
3408,"5"
3409,"4"
3410,"4"
3411,"4"
3412,"3"
3413,"5"
3414,"3"
3415,"4"
3416,"4"
3417,"3"
3418,"3"
3419,"4"
3420,"2"
3421,"4"
3422,"2"
3423,"3"
3425,"2"
3426,"3"
3427,"2"
3428,"4"
3429,"4"
3432,"2"
3434,"2"
3435,"2"
3436,"3"
3437,"3"
3438,"3"
3439,"3"
3440,"3"
3441,"2"
3442,"4"
3443,"2"
3444,"2"
3445,"3"
3446,"2"
3447,"2"
3448,"3"
3449,"3"
3453,"2"
3454,"3"
3455,"2"
3456,"2"
3457,"3"
3461,"3"
3465,"3"
3466,"2"
3467,"2"
3469,"2"
3470,"3"
3471,"2"
3472,"3"
3473,"3"
3474,"2"
3475,"3"
3476,"3"
3477,"3"
3478,"3"
3479,"3"
3481,"4"
3482,"4"
3483,"4"
3484,"3"
3485,"2"
3486,"3"
3487,"3"
3488,"3"
3489,"3"
3491,"2"
3492,"3"
3493,"2"
3494,"3"
3495,"3"
3496,"3"
3497,"3"
3498,"2"
3499,"2"
3500,"2"
3501,"3"
3502,"3"
3503,"2"
3504,"3"
3505,"3"
3506,"3"
3507,"3"
3508,"3"
3510,"3"
3512,"3"
3514,"3"
3515,"3"
3516,"3"
3517,"3"
3518,"3"
3519,"3"
3521,"3"
3523,"3"
3524,"3"
3525,"3"
3527,"2"
3528,"2"
3529,"2"
3532,"2"
3533,"3"
3534,"2"
3535,"2"
3536,"3"
3537,"2"
3538,"2"
3539,"3"
3540,"2"
3541,"3"
3542,"3"
3543,"2"
3544,"2"
3545,"2"
3546,"2"
3547,"1"
3548,"2"
3551,"2"
3552,"2"
3553,"3"
3554,"2"
3555,"3"
3556,"3"
3557,"3"
3560,"2"
3561,"2"
3562,"2"
3563,"2"
3565,"3"
3566,"3"
3567,"3"
3569,"3"
3571,"4"
3572,"1"
3573,"4"
3574,"3"
3575,"3"
3576,"3"
3577,"4"
3578,"3"
3579,"4"
3580,"3"
3583,"2"
3584,"3"
3585,"3"
3586,"1"
3587,"3"
3588,"3"
3589,"3"
3590,"3"
3591,"3"
3592,"3"
3593,"3"
3594,"3"
3595,"3"
3596,"3"
3597,"3"
3598,"2"
3599,"3"
3600,"2"
3601,"3"
3602,"3"
3604,"3"
3605,"3"
3606,"2"
3607,"2"
3608,"3"
3609,"3"
3610,"2"
3611,"3"
3612,"3"
3613,"2"
3615,"2"
3616,"2"
3618,"3"
3619,"4"
3620,"3"
3621,"3"
3622,"3"
3623,"3"
3625,"2"
3626,"3"
3627,"2"
3628,"2"
3629,"3"
3630,"3"
3631,"3"
3632,"3"
3633,"3"
3634,"2"
3635,"2"
3636,"3"
3639,"2"
3640,"2"
3641,"2"
3642,"2"
3643,"2"
3644,"3"
3645,"4"
3646,"4"
3647,"3"
3648,"3"
3649,"4"
3650,"4"
3651,"3"
3652,"2"
3653,"2"
3654,"2"
3655,"1"
3656,"3"
3657,"2"
3658,"2"
3659,"3"
3660,"4"
3661,"4"
3662,"3"
3663,"2"
3664,"4"
3669,"2"
3670,"2"
3671,"2"
3672,"4"
3674,"3"
3675,"4"
3676,"2"
3677,"3"
3678,"2"
3679,"2"
3682,"3"
3686,"3"
3689,"2"
3690,"1"
3691,"1"
3692,"2"
3694,"3"
3695,"3"
3696,"2"
3697,"3"
3698,"4"
3699,"4"
3701,"3"
3702,"2"
3704,"3"
3705,"3"
3706,"2"
3707,"2"
3708,"3"
3709,"3"
3710,"3"
3711,"1"
3712,"3"
3713,"3"
3714,"4"
3715,"3"
3718,"4"
3719,"3"
3720,"3"
3721,"2"
3722,"2"
3723,"2"
3724,"3"
3725,"4"
3726,"3"
3728,"2"
3729,"3"
3730,"3"
3732,"2"
3733,"3"
3734,"3"
3735,"3"
3736,"2"
3738,"3"
3739,"2"
3740,"4"
3741,"3"
3743,"2"
3744,"2"
3745,"3"
3746,"4"
3748,"3"
3749,"3"
3750,"5"
3751,"3"
3752,"3"
3755,"3"
3756,"3"
3757,"4"
3758,"4"
3759,"4"
3760,"4"
3761,"4"
3762,"4"
3763,"3"
3764,"2"
3765,"2"
3766,"3"
3767,"4"
3768,"4"
3769,"4"
3770,"3"
3771,"4"
3772,"4"
3773,"4"
3774,"3"
3775,"3"
3777,"2"
3778,"2"
3780,"2"
3781,"2"
3782,"3"
3783,"3"
3784,"3"
3785,"3"
3786,"3"
3787,"4"
3788,"3"
3789,"4"
3790,"4"
3791,"4"
3792,"4"
3793,"4"
3794,"3"
3795,"3"
3797,"3"
3798,"2"
3799,"2"
3801,"3"
3802,"3"
3805,"3"
3806,"4"
3807,"4"
3808,"3"
3809,"3"
3811,"3"
3812,"2"
3813,"4"
3814,"4"
3815,"2"
3816,"3"
3818,"2"
3819,"2"
3820,"2"
3822,"3"
3823,"3"
3824,"3"
3825,"4"
3826,"4"
3827,"4"
3828,"4"
3829,"3"
3831,"3"
3832,"4"
3833,"3"
3834,"3"
3835,"3"
3836,"3"
3837,"2"
3838,"2"
3840,"2"
3842,"2"
3843,"2"
3844,"4"
3845,"4"
3846,"4"
3848,"4"
3849,"4"
3850,"3"
3851,"4"
3852,"4"
3853,"3"
3854,"2"
3855,"2"
3856,"3"
3857,"4"
3858,"4"
3859,"5"
3860,"4"
3861,"4"
3862,"4"
3863,"4"
3864,"3"
3865,"3"
3867,"4"
3874,"3"
3881,"4"
3884,"2"
3885,"3"
3886,"2"
3887,"3"
3888,"3"
3890,"2"
3891,"3"
3892,"3"
3893,"3"
3895,"4"
3896,"5"
3897,"4"
3898,"5"
3899,"3"
3900,"3"
3901,"3"
3902,"3"
3904,"3"
3905,"2"
3906,"1"
3907,"1"
3908,"2"
3909,"2"
3910,"2"
3911,"2"
3912,"3"
3913,"4"
3914,"3"
3918,"3"
3919,"3"
3920,"4"
3921,"4"
3922,"3"
3923,"3"
3924,"2"
3925,"3"
3926,"2"
3927,"2"
3928,"2"
3929,"2"
3935,"3"
3936,"3"
3938,"4"
3939,"3"
3940,"4"
3941,"4"
3943,"4"
3944,"4"
3945,"4"
3946,"4"
3947,"4"
3949,"5"
3950,"3"
3952,"3"
3954,"3"
3955,"4"
3956,"4"
3957,"3"
3958,"2"
3959,"3"
3960,"3"
3961,"2"
3962,"3"
3963,"3"
3964,"3"
3965,"4"
3966,"4"
3968,"4"
3981,"2"
3982,"1"
3983,"4"
3985,"4"
3986,"4"
3987,"3"
3989,"3"
3990,"2"
3991,"2"
3993,"2"
3994,"2"
3995,"2"
3996,"2"
3997,"2"
3998,"2"
3999,"2"
4000,"4"
4001,"3"
4002,"2"
4003,"2"
4004,"4"
4005,"5"
4006,"4"
4007,"4"
4008,"4"
4009,"4"
4010,"3"
4011,"4"
4012,"4"
4013,"4"
4014,"4"
4015,"4"
4017,"4"
4018,"4"
4019,"4"
4020,"4"
4021,"4"
4022,"4"
4023,"4"
4024,"4"
4027,"3"
4051,"2"
4052,"2"
4054,"3"
4055,"4"
4056,"4"
4057,"4"
4058,"4"
4059,"4"
4060,"4"
4061,"4"
4062,"5"
4063,"4"
4064,"5"
4065,"5"
4066,"4"
4067,"4"
4068,"4"
4069,"4"
4070,"4"
4071,"3"
4072,"4"
4073,"5"
4086,"4"
4087,"4"
4088,"4"
4089,"4"
4090,"4"
4091,"4"
4093,"3"
4094,"3"
4095,"3"
4096,"2"
4097,"3"
4098,"4"
4100,"4"
4101,"4"
4102,"4"
4103,"2"
4104,"2"
4105,"3"
4106,"3"
4108,"3"
4109,"3"
4110,"3"
4111,"3"
4112,"3"
4113,"3"
4114,"2"
4115,"3"
4116,"3"
4117,"3"
4118,"3"
4119,"3"
4120,"4"
4121,"4"
4122,"4"
4123,"4"
4124,"2"
4125,"3"
4126,"4"
4127,"4"
4128,"4"
4129,"3"
4130,"2"
4131,"2"
4132,"1"
4133,"4"
4134,"2"
4135,"3"
4136,"2"
4137,"2"
4138,"3"
4139,"2"
4140,"3"
4142,"2"
4143,"2"
4144,"2"
4145,"2"
4146,"2"
4147,"2"
4148,"3"
4149,"2"
4150,"2"
4151,"2"
4153,"1"
4154,"2"
4156,"2"
4167,"2"
4168,"2"
4169,"2"
4170,"2"
4171,"1"
4172,"2"
4173,"3"
4175,"2"
4176,"2"
4177,"2"
4178,"3"
4179,"2"
4180,"2"
4181,"3"
4182,"2"
4183,"2"
4184,"2"
4185,"3"
4186,"3"
4187,"11"
4189,"2"
4190,"3"
4192,"3"
4194,"3"
4196,"8"
4199,"2"
4201,"2"
4202,"3"
4203,"4"
4204,"4"
4205,"4"
4206,"3"
4207,"2"
4208,"2"
4209,"3"
4210,"4"
4211,"4"
4212,"4"
4213,"5"
4214,"4"
4215,"3"
4216,"2"
4217,"3"
4218,"3"
4219,"3"
4220,"2"
4221,"2"
4222,"2"
4224,"2"
4225,"2"
4226,"3"
4227,"3"
4228,"3"
4229,"3"
4230,"3"
4231,"3"
4232,"2"
4234,"2"
4235,"3"
4236,"3"
4237,"3"
4238,"10"
4239,"4"
4240,"5"
4241,"4"
4242,"3"
4243,"2"
4244,"3"
4246,"3"
4248,"3"
4249,"3"
4250,"4"
4251,"4"
4252,"3"
4253,"2"
4254,"2"
4256,"4"
4257,"4"
4258,"4"
4259,"4"
4261,"3"
4262,"3"
4263,"4"
4264,"4"
4265,"4"
4266,"3"
4267,"2"
4268,"3"
4269,"2"
4270,"3"
4271,"4"
4273,"3"
4274,"2"
4275,"3"
4276,"3"
4277,"3"
4278,"3"
4279,"3"
4280,"4"
4281,"3"
4282,"3"
4283,"3"
4284,"2"
4285,"2"
4286,"3"
4287,"2"
4288,"3"
4289,"2"
4290,"2"
4291,"3"
4292,"2"
4293,"3"
4294,"2"
4295,"2"
4296,"3"
4297,"2"
4299,"4"
4300,"4"
4301,"4"
4302,"5"
4303,"4"
4304,"2"
4305,"2"
4306,"2"
4307,"2"
4308,"3"
4309,"1"
4313,"3"
4314,"2"
4315,"3"
4316,"2"
4317,"2"
4320,"1"
4321,"3"
4322,"2"
4323,"2"
4324,"3"
4325,"3"
4327,"2"
4330,"2"
4331,"2"
4332,"2"
4333,"2"
4334,"2"
4336,"2"
4337,"3"
4339,"1"
4340,"2"
4341,"1"
4347,"2"
4348,"3"
4349,"2"
4350,"1"
4353,"2"
4354,"2"
4355,"2"
4357,"3"
4360,"3"
4361,"3"
4362,"3"
4363,"2"
4364,"2"
4365,"3"
4366,"2"
4367,"3"
4368,"2"
4369,"2"
4371,"2"
4372,"2"
4375,"1"
4376,"2"
4377,"2"
4379,"3"
4380,"2"
4381,"2"
4382,"2"
4383,"2"
4384,"2"
4385,"2"
4386,"2"
4387,"3"
4388,"2"
4389,"3"
4390,"3"
4392,"2"
4393,"2"
4395,"2"
4396,"3"
4397,"2"
4399,"2"
4400,"2"
4401,"2"
4404,"3"
4405,"2"
4406,"3"
4407,"2"
4408,"3"
4409,"2"
4410,"3"
4411,"3"
4413,"3"
4414,"2"
4415,"2"
4416,"2"
4417,"2"
4419,"3"
4420,"1"
4421,"2"
4422,"3"
4432,"3"
4433,"2"
4434,"2"
4435,"2"
4436,"2"
4438,"3"
4440,"2"
4441,"3"
4445,"3"
4446,"2"
4451,"2"
4455,"1"
4456,"1"
4457,"2"
4458,"3"
4460,"3"
4462,"2"
4464,"2"
4465,"3"
4466,"2"
4468,"2"
4469,"2"
4472,"2"
4473,"2"
4474,"2"
4475,"4"
4477,"2"
4479,"2"
4481,"3"
4485,"2"
4486,"2"
4489,"2"
4492,"2"
4493,"3"
4494,"1"
4495,"1"
4498,"2"
4499,"2"
4500,"2"
4501,"2"
4502,"2"
4503,"4"
4504,"3"
4509,"1"
4513,"2"
4514,"2"
4515,"2"
4516,"3"
4518,"1"
4520,"2"
4521,"1"
4522,"1"
4523,"2"
4524,"2"
4526,"3"
4527,"2"
4528,"2"
4530,"2"
4532,"2"
4534,"3"
4535,"2"
4536,"2"
4537,"2"
4538,"2"
4539,"2"
4542,"2"
4543,"2"
4545,"2"
4546,"2"
4548,"2"
4549,"3"
4550,"2"
4551,"2"
4552,"3"
4554,"4"
4555,"4"
4557,"2"
4558,"3"
4559,"4"
4560,"2"
4561,"2"
4562,"2"
4563,"2"
4565,"2"
4566,"2"
4567,"3"
4568,"2"
4569,"2"
4570,"2"
4571,"2"
4573,"2"
4574,"3"
4575,"2"
4576,"3"
4577,"2"
4578,"3"
4582,"3"
4583,"2"
4584,"3"
4588,"3"
4589,"3"
4590,"3"
4591,"4"
4592,"2"
4593,"2"
4594,"2"
4595,"2"
4596,"2"
4597,"2"
4599,"3"
4601,"3"
4602,"3"
4603,"2"
4604,"2"
4605,"2"
4607,"2"
4608,"2"
4609,"3"
4610,"2"
4611,"3"
4612,"2"
4613,"2"
4616,"2"
4617,"3"
4619,"2"
4620,"2"
4623,"2"
4624,"2"
4625,"2"
4626,"3"
4627,"2"
4628,"3"
4629,"2"
4630,"3"
4631,"2"
4632,"1"
4633,"3"
4636,"2"
4637,"3"
4640,"3"
4641,"2"
4642,"3"
4643,"3"
4644,"2"
4645,"2"
4646,"1"
4647,"2"
4650,"4"
4651,"9"
4652,"3"
4653,"3"
4654,"2"
4655,"3"
4656,"3"
4658,"3"
4659,"2"
4660,"3"
4661,"3"
4662,"3"
4663,"2"
4664,"2"
4665,"2"
4666,"2"
4667,"3"
4668,"3"
4669,"2"
4670,"2"
4671,"3"
4672,"3"
4673,"2"
4674,"2"
4677,"2"
4680,"3"
4683,"2"
4686,"2"
4687,"2"
4688,"2"
4689,"2"
4690,"2"
4691,"3"
4692,"2"
4693,"2"
4694,"2"
4695,"2"
4696,"2"
4697,"3"
4698,"2"
4699,"2"
4700,"2"
4705,"3"
4707,"2"
4708,"2"
4709,"2"
4710,"3"
4712,"2"
4714,"3"
4715,"3"
4720,"1"
4725,"2"
4726,"2"
4727,"3"
4728,"2"
4731,"2"
4732,"2"
4742,"4"
4743,"4"
4744,"3"
4745,"2"
4746,"3"
4747,"2"
4749,"2"
4750,"3"
4751,"3"
4754,"2"
4755,"2"
4756,"2"
4757,"2"
4758,"2"
4759,"3"
4760,"3"
4762,"2"
4763,"2"
4765,"2"
4766,"2"
4767,"3"
4768,"2"
4769,"2"
4770,"3"
4771,"3"
4772,"2"
4773,"2"
4779,"3"
4781,"4"
4782,"2"
4784,"2"
4785,"2"
4788,"2"
4790,"3"
4791,"2"
4792,"2"
4793,"5"
4795,"2"
4796,"3"
4797,"2"
4798,"3"
4799,"2"
4800,"2"
4804,"3"
4806,"3"
4820,"3"
4825,"2"
4826,"3"
4830,"2"
4843,"2"
4844,"3"
4847,"2"
4848,"1"
4854,"1"
4855,"2"
4856,"1"
4857,"2"
4861,"2"
4862,"2"
4864,"3"
4865,"2"
4869,"2"
4870,"3"
4871,"2"
4872,"3"
4873,"3"
4874,"3"
4877,"2"
4878,"2"
4880,"2"
4882,"2"
4883,"3"
4884,"3"
4885,"3"
4886,"1"
4887,"2"
4888,"2"
4890,"2"
4891,"2"
4893,"2"
4894,"3"
4895,"3"
4897,"2"
4898,"3"
4899,"2"
4900,"3"
4901,"3"
4902,"3"
4903,"3"
4905,"3"
4906,"2"
4907,"3"
4908,"3"
4909,"3"
4910,"2"
4911,"3"
4912,"3"
4913,"3"
4914,"3"
4915,"2"
4916,"2"
4917,"2"
4918,"3"
4919,"2"
4920,"2"
4921,"2"
4922,"3"
4923,"2"
4924,"3"
4925,"2"
4926,"3"
4927,"3"
4928,"2"
4929,"3"
4930,"2"
4931,"3"
4932,"3"
4933,"2"
4934,"2"
4935,"2"
4936,"2"
4937,"2"
4938,"3"
4952,"2"
4953,"2"
4956,"3"
4957,"3"
4958,"2"
4960,"3"
4962,"1"
4974,"3"
4976,"4"
4978,"3"
4979,"4"
4980,"3"
4981,"2"
4982,"2"
4983,"1"
4984,"2"
4985,"2"
4986,"3"
4987,"3"
4988,"3"
4989,"2"
4990,"3"
4991,"5"
4992,"3"
4994,"2"
4995,"3"
4996,"2"
4997,"2"
4998,"2"
4999,"2"
5006,"3"
5007,"3"
5008,"2"
5009,"3"
5011,"2"
5014,"3"
5015,"2"
5016,"2"
5022,"2"
5023,"2"
5024,"3"
5025,"2"
5026,"2"
5028,"2"
5029,"2"
5030,"2"
5031,"3"
5032,"3"
5033,"1"
5045,"3"
5046,"2"
5047,"2"
5051,"2"
5052,"3"
5053,"4"
5055,"3"
5056,"3"
5058,"2"
5060,"2"
5061,"2"
5062,"2"
5064,"3"
5069,"2"
5071,"3"
5072,"3"
5073,"3"
5074,"3"
5075,"1"
5076,"3"
5077,"3"
5078,"3"
5079,"1"
5081,"3"
5082,"3"
5084,"3"
5086,"3"
5088,"2"
5089,"2"
5090,"4"
5091,"2"
5092,"3"
5096,"4"
5097,"2"
5099,"2"
5105,"2"
5106,"3"
5110,"5"
5112,"2"
5113,"1"
5114,"2"
5118,"2"
5119,"2"
5120,"3"
5121,"3"
5122,"3"
5123,"2"
5124,"3"
5125,"3"
5126,"2"
5127,"3"
5128,"3"
5129,"2"
5130,"3"
5131,"2"
5132,"2"
5133,"2"
5134,"2"
5135,"5"
5136,"5"
5138,"2"
5139,"4"
5140,"1"
5141,"3"
5142,"2"
5143,"3"
5144,"2"
5145,"2"
5147,"2"
5148,"2"
5149,"2"
5150,"2"
5154,"3"
5155,"3"
5156,"3"
5157,"3"
5160,"2"
5161,"1"
5162,"3"
5164,"2"
5165,"2"
5167,"3"
5168,"3"
5169,"3"
5174,"2"
5175,"4"
5176,"3"
5192,"1"
6000,"5"
6001,"2"
6002,"3"
6003,"2"
6005,"2"
6006,"3"
6007,"3"
6009,"2"
6010,"3"
6011,"2"
6013,"2"
6014,"3"
6015,"2"
6016,"3"
6017,"3"
6019,"3"
6020,"2"
6021,"2"
6023,"2"
6024,"2"
6025,"2"
6026,"2"
6027,"2"
6028,"3"
6029,"2"
6033,"2"
6039,"3"
6042,"2"
6044,"2"
6050,"4"
6051,"2"
6052,"3"
6053,"3"
6054,"2"
6055,"3"
6056,"2"
6059,"2"
6068,"2"
6070,"2"
6071,"1"
6073,"2"
6074,"2"
6075,"3"
6076,"2"
6077,"3"
6078,"2"
6079,"3"
6080,"2"
6082,"3"
6083,"2"
6085,"2"
6086,"2"
6087,"3"
6088,"2"
6089,"3"
6094,"2"
6095,"2"
6097,"3"
6103,"2"
6107,"2"
6108,"3"
6109,"3"
6110,"4"
6111,"3"
6112,"3"
6113,"3"
6115,"2"
6117,"2"
6119,"5"
6122,"2"
6124,"4"
6125,"2"
6126,"3"
6127,"4"
6128,"3"
6130,"2"
6132,"3"
6133,"2"
6134,"3"
6135,"3"
6137,"3"
6138,"3"
6139,"2"
6140,"2"
6141,"2"
6142,"3"
6143,"3"
6144,"3"
6145,"2"
6146,"3"
6147,"3"
6149,"2"
6150,"3"
6152,"4"
6153,"5"
6154,"2"
6155,"3"
6156,"2"
6157,"2"
6158,"3"
6159,"3"
6160,"2"
6161,"2"
6162,"3"
6163,"3"
6164,"2"
6165,"2"
6170,"2"
6171,"3"
6172,"2"
6179,"4"
6182,"2"
6184,"3"
6186,"3"
6187,"2"
6188,"3"
6196,"3"
6197,"3"
6198,"3"
6199,"3"
6201,"2"
6215,"3"
6216,"3"
6219,"3"
6228,"3"
6229,"3"
6230,"2"
6234,"3"
6235,"4"
6238,"3"
6239,"3"
6241,"2"
6242,"2"
6243,"3"
6244,"2"
6245,"2"
6247,"3"
6251,"2"
6252,"2"
6253,"2"
6273,"2"
6274,"3"
6276,"2"
6277,"3"
6278,"3"
6279,"3"
6280,"2"
6282,"1"
6283,"3"
6286,"4"
6287,"3"
6288,"2"
6289,"2"
6298,"3"
6310,"2"
6311,"2"
6312,"4"
6315,"2"
6316,"2"
6317,"1"
6319,"3"
6320,"2"
6324,"3"
6325,"2"
6326,"2"
6334,"2"
6335,"3"
6336,"2"
6339,"2"
6341,"3"
6342,"3"
6343,"2"
6348,"2"
6359,"2"
6361,"2"
6362,"2"
6363,"3"
6364,"2"
6365,"2"
6366,"2"
6367,"2"
7009,"2"
7010,"1"
7011,"2"
7012,"3"
7013,"3"
7014,"3"
7015,"3"
7016,"3"
7017,"3"
7018,"2"
7020,"2"
7021,"3"
7022,"3"
7023,"3"
7025,"3"
7026,"2"
7027,"3"
7028,"2"
7029,"3"
7030,"2"
7031,"3"
7038,"3"
7039,"3"
7043,"2"
7044,"3"
7047,"3"
7048,"4"
7049,"3"
7050,"3"
7053,"2"
7056,"3"
7057,"3"
7062,"2"
7063,"3"
7064,"3"
7065,"2"
7066,"2"
7067,"2"
7068,"3"
7069,"2"
7070,"2"
7072,"2"
7073,"3"
7074,"3"
7075,"4"
7078,"2"
7079,"2"
7080,"2"
7081,"2"
7082,"2"
7083,"2"
7084,"2"
7085,"1"
7086,"3"
7087,"2"
7088,"3"
7089,"2"
7091,"2"
7092,"2"
7097,"2"
7098,"2"
7099,"2"
7100,"2"
7101,"2"
7102,"2"
7103,"2"
7104,"2"
7105,"2"
7106,"2"
7107,"3"
7108,"1"
7110,"4"
7111,"2"
7112,"2"
7113,"3"
7114,"2"
7115,"2"
7116,"2"
7117,"2"
7118,"2"
7119,"2"
7120,"1"
7121,"3"
7122,"1"
7123,"3"
7124,"2"
7125,"3"
7126,"2"
7127,"2"
7128,"2"
7129,"2"
7130,"2"
7131,"2"
7133,"2"
7134,"4"
7135,"4"
7136,"3"
7137,"3"
7138,"3"
7139,"3"
7140,"3"
7141,"2"
7142,"2"
7143,"2"
7145,"4"
7149,"2"
7153,"2"
7154,"2"
7155,"2"
7156,"3"
7159,"3"
7160,"3"
7161,"3"
7162,"3"
7163,"3"
7165,"2"
7166,"3"
7167,"3"
7168,"2"
7169,"2"
7170,"3"
7172,"4"
7173,"2"
7174,"3"
7175,"4"
7176,"2"
7177,"2"
7178,"3"
7180,"2"
7181,"2"
7183,"3"
7184,"4"
7185,"3"
7186,"3"
7187,"4"
7188,"2"
7189,"3"
7191,"3"
7192,"3"
7193,"6"
7194,"2"
7195,"2"
7196,"2"
7197,"2"
7199,"2"
7201,"3"
7204,"2"
7207,"4"
7208,"4"
7214,"2"
7216,"2"
7217,"2"
7218,"3"
7219,"3"
7220,"2"
7222,"2"
7224,"3"
7226,"2"
7227,"2"
7229,"3"
7230,"2"
7231,"2"
7233,"2"
7234,"2"
7236,"2"
7237,"3"
7238,"4"
7239,"3"
7240,"3"
7241,"4"
7242,"3"
7243,"4"
7245,"2"
7246,"2"
7247,"4"
7248,"3"
7249,"4"
7250,"3"
7251,"3"
7252,"3"
7253,"4"
7254,"4"
7255,"4"
7256,"4"
7257,"4"
7258,"4"
7259,"4"
7260,"4"
7261,"3"
7262,"3"
7263,"3"
7264,"3"
7265,"3"
7266,"3"
7268,"3"
7270,"2"
7271,"4"
7272,"5"
7276,"3"
7277,"2"
7278,"3"
7279,"4"
7280,"3"
7281,"3"
7282,"4"
7283,"3"
7284,"4"
7286,"3"
7287,"3"
7288,"4"
7289,"3"
7290,"2"
7291,"2"
7292,"3"
7293,"2"
7294,"2"
7295,"3"
7296,"4"
7297,"2"
7298,"2"
7313,"3"
7314,"2"
7317,"2"
7318,"3"
7319,"3"
7320,"2"
7323,"2"
7324,"3"
7325,"2"
7326,"2"
7327,"4"
7328,"4"
7329,"3"
7331,"2"
7334,"3"
7339,"2"
7340,"2"
7342,"3"
7343,"2"
7344,"2"
7347,"2"
7348,"2"
7349,"2"
7350,"3"
7351,"2"
7352,"3"
7353,"2"
7354,"4"
7358,"2"
7360,"2"
7361,"3"
7362,"3"
7363,"3"
7364,"3"
7365,"2"
7366,"3"
7367,"3"
7368,"2"
7369,"3"
7370,"2"
7372,"3"
7373,"3"
7374,"2"
7375,"2"
7379,"2"
7380,"2"
7381,"3"
7382,"3"
7385,"2"
7386,"2"
7387,"2"
7388,"3"
7389,"3"
7390,"2"
7392,"1"
7393,"2"
7394,"7"
7395,"4"
7396,"2"
7397,"1"
7398,"3"
7399,"4"
7412,"2"
7413,"2"
7414,"2"
7415,"2"
7416,"3"
7417,"3"
7418,"2"
7419,"2"
7420,"2"
7421,"2"
7422,"2"
7423,"3"
7424,"3"
7425,"2"
7426,"2"
7427,"3"
7428,"3"
7430,"2"
7431,"2"
7432,"3"
7435,"3"
7438,"2"
7439,"2"
7440,"3"
7441,"3"
7442,"2"
7443,"2"
7444,"3"
7445,"3"
7446,"3"
7447,"3"
7448,"2"
7449,"3"
7453,"2"
7454,"2"
7455,"2"
7458,"2"
7459,"3"
7460,"3"
7461,"2"
7462,"3"
7469,"3"
7471,"3"
7472,"3"
7473,"2"
7475,"3"
7505,"3"
7507,"2"
7510,"3"
7513,"2"
7516,"2"
7522,"2"
7550,"3"
7551,"2"
7552,"2"
7553,"2"
7554,"3"
7555,"1"
7556,"2"
7559,"3"
7560,"3"
7563,"2"
7564,"1"
7565,"1"
7567,"3"
7568,"1"
7569,"1"
7570,"2"
7571,"2"
7574,"2"
7575,"2"
7577,"1"
7578,"2"
7579,"2"
7581,"1"
7582,"1"
7584,"2"
7585,"1"
7586,"1"
7587,"2"
7588,"2"
7599,"3"
7601,"3"
7602,"2"
7603,"2"
7607,"2"
7616,"2"
7622,"2"
7623,"3"
7634,"3"
7635,"3"
7636,"2"
7637,"3"
7639,"2"
7640,"2"
7641,"2"
7642,"3"
7643,"3"
7644,"2"
7645,"3"
7646,"3"
7651,"5"
7654,"3"
7660,"2"
7661,"2"
7665,"1"
7666,"2"
7667,"3"
7668,"2"
7671,"2"
7673,"3"
7674,"5"
7675,"4"
7676,"3"
7677,"4"
7678,"3"
7679,"3"
7680,"4"
7681,"3"
7682,"3"
7683,"4"
7686,"2"
7690,"2"
7691,"3"
7692,"2"
